time,displacement_u_y,load_rf_y,nonlinear_iterations,simulation_time,sum_nonlinear_iterations,total_increments
0,0,0,0,0,0,0
0.01,0,0,0,12.039256374,0,1
0.025,0.00035131538708749,3.5048931407515,1,101.364902297,1,2
0.0475,0.00069509038127634,7.7809191322983,1,190.036676799,2,3
0.08125,0.0012105015641786,13.333030546151,1,277.314116427,3,4
0.131875,0.0019598169453988,22.202379416277,1,362.775012731,4,5
